17038000;8429991043223;REV BANCAL 34X50 NATURAL M04
89124394;8429991552022;REV 17X52 EC. BERET SILVER M11
16544514;8436020152481;PLAQ PIEDRA NAT 40X15 PETRA BEIGE M13
18746280;8434459026984;REV LEGEND 25X50 ALBACETE-OCRE
82279528;3276000706601;REV PEAK 17X52 BEIGE ART M14
16953272;8432114213700;REV VESUBIO 30X60 BROWN ARTENS M06
82430042;8435425506394;REV GAROS 25X40 PEDRA
81898349;8434459081037;REV VILLA 25X50 BLANCO ARTENS M07
81907965;8429991339067;REV APALACHE 17X52 BLANCO M16
83247251;8431784093384;REV MANHATTAN 31X56 BLANCO M07
81898333;8434459077795;REV VILLA 25X50 CALDERA ARTENS M04
87813690;8433675053088;REV NEW FROSTY 20X20 WHITE GLOSSY
87813691;8433675053095;REV NEW FROSTY 20X20 WHITE MATT
83247245;8431784093469;REV MANHATTAN 31X56 COTTO M04
81904245;8429991332167;REV MYSTONE 31,6X60 BLANCO
81904251;8429991332211;REV MYSTONE 31,6X60 HID.PERLA
85084870;8429991744175;REV NEW MANCHESTER 30X90 RELIEVE BLANCO
85084873;8429991744168;REV NEW MANCHESTER 30X90 BLANCO
81904247;8429991332198;REV MYSTONE 31,6X60 MARFIL
81968031;8430615081217;PAV/REV STRATOS 40,8X66,2 ALM C1 ARTENS
84301947;8433927014423;REV NORTON 30X90 CREAM
82722026;8430615099687;PAV/REV MILOS 32X62,5 BLANCO ARTENS
83500627;8429991565367;REV EC. ESSENTIAL 33,3X55 WHITE
84301957;8433927014409;REV NOVA 30X90 BRILLO
19548221;8429991282967;REV BELLAGIO 33,3X55 BRILLO-PERLA-RELIEV
19548305;8429991282943;REV BELLAGIO 33,3X55 BRILLO-PERLA
19548200;8429991282912;REV ECO-MARMOL 33,3X55 MILANO-ASPEN
19548235;8429991282844;REV ECO MARMOL 33,3X55 ASPEN
17561726;8430382417967;PAV/REV JUPITER 31,6X60,8 BL ARTENS R19
82213808;3276000687788;REV FROSTY 25X40 BLANCO BRILLO ARTENS
82213811;3276000687818;REV FROSTY 25X40 BLANCO MATE ARTENS
82213810;3276000687801;REV FROSTY 30X60 BL-BR-3D-ORGANIC ARTENS
82213812;3276000687825;REV FROSTY 30X60 BLANCO MATE ARTENS
84301966;8433927014447;REV 30X60 BLANCO BRILLO
84301968;8433927014461;REV 30X60 BLANCO MATE
84770558;3276007478501;REV NEW FROSTY 30X60 BL MATE 3D ARTENS
82222337;3276000687979;REV ARCTIC 30X90 WHITE MAT ARTENS
82222338;3276000687931;REV ARCTIC 30X90 WHI-MAT-3D-ORIGA ARTENS
82222342;3276000687993;REV ARCTIC 30X90 WHITE GLOSSY ARTENS
90126583;3276007330373;REV ARCTIC MOON 30X90 BL BR 3D ARTENS
17376254;8430615065682;PAV HERITAGE 33,15X33,15 MIX R07
19482183;8435243185313;PAV 33,3X33,3 ROSAS COTTO R04
87542736;8434459354896;PAV NEW MONTAN 33X33 GRIS R01
87548434;8434459354865;PAV NEW SONEJA 33X33 R03
83020643;8434459275726;PAV VERNA 20,5X61,5 NOGAL ARTENS R13
83020653;8434459275757;PAV VERNA 20,5X61,5 ROBLE ARTENS R12
83288245;8433927012535;PAV UNDERWOOD 23X120 BEIGE ARTENS
83288268;8433927012696;PAV HARMONY 20X120 ZARAGOZA C1 ARTENS
87542740;8434459354346;PAV NEW 45X45 MADERA CEREZO R28
87892874;8429991818944;PAV KALA 20X120 NATURAL
82000981;8433927010197;PAV HARMONY 22,5X90 GRANADA C1 ARTENS
82109353;8429991405502;PAVIMIENTO 20X120 KALA GRIS ARTENS R27
83020656;8434459275696;PAV VERNA 20,5X61,5 GRIS ARTENS R14
83288246;8433927012542;PAV UNDERWOOD 23X120 GRIS ARTENS
19482932;8429991285050;PAV MARTINS 60X60 ARENA ARTENS R21
87542738;8434459355084;PAV NEW DENVER 45X45 CREMA R21
87892860;8429991818890;PAV CRONOS 60X120 GRIS
19483072;8429991284985;PAV MARTINS 30X60 GRIS ARTENS R22
19483485;8429991424527;PAV 60X120 MARTINS GRIS ARTENS R22
19483513;8429991285043;PAV 60X60 MARTINS GRIS ARTENS R22
81903320;3276006209182;PAV 60X60 MINERAL GREY ARTENS R22
83020657;8434459276969;PAV ARCANO 60X60 GRIS MT ARTENS R23
87542737;8434459355053;PAV NEW DENVER 45X45 GRIS R22
87542741;8434459354926;PAV NEW 2 UNNO 45X45 CENIZA R23
81905267;8430382209005;PAV/REV NSPAZIO 31,6X60,8 BLACK C1AR R24
87892877;8429991818937;PAV STELLAR 60X120
18016866;8434459087800;PAV MALAGA 45X45 DUNE ARTENS R17
87542743;8434459354315;PAV NEW ASPEN 45X45 CREMA R17
81970155;3276000440291;PAV SANTORINI 60X60 WHITE ARTENS R16
82427871;8429991462673;PAV CASABLANCA 60X120 R16
87542744;8434459354995;PAV NEW CASABLANCA 45X45 MATE R15
87542745;8434459355022;PAV NEW CASABLANCA 45X45 BL BR R16
82069980;8429991403003;PAV NAYARA 45X45 PLATA C3 SOFT R22
83020754;8434459279151;PAV ARCANO 60X60 GRIS C3 ARTENS R23
83584324;8434459241110;PAV TERRIL 33X33 PIZA C3 ARTENS R10
19637821;8430615071232;PAV ORION 40,8X66,2 BLANCO C3 R25
84737433;3276007472554;PAV ALCAN 30X60 C3 ARTENS R09
81967992;8433927010104;PAVIMENTO 22,5X90 HARMONY GRANADA C3 ART
82071493;8429991405625;PAV IRAZU 45X45 MIEL C3 R12
84316137;8429991707828;PAV MANAGUA 20X120 HAYA C3 ARTENS R26
82045414;8434459122334;PAV VELEZ 33,3X33,3 ALBERO C3 ARTENS R04
82045416;8434459134467;PAV VELEZ 33,3X33,3 GREY C3 ARTENS R01
81904234;8429991092337;RVTO. 40X60 RAMBLA NATURAL PORC. M06
17548685;8430615069994;REV ORION 40,8X66,2 BLANCO C1 R25
84302476;3276007440393;REV METRO 10X20 BLANCO BR ARTENS
82213809;3276000687795;REV FROSTY 30X60 BLANCO BRILLO ARTENS
83645130;8429991598242;PAV MANAGUA 20X120 HAYA ARTENS R26
81970172;3276000440086;PAV MARMI 60X120 WHITE ARTENS
19400066;8434459103999;PAV TERRIL 33,3X33,3 OXIDO C3 ARTENS R09
82045415;8434459122273;PAV VELEZ 33,3X33,3 CUERO C3 ARTENS R05
19191081;8432711172691;MALLA STONE 31,1X31,1 MIX BEIGE C3
19301926;8432711172769;MALLA 31,1 X 31,1 MOKA C3
19302304;8432711172776;MALLA 31,1X31,1 MIX GRIS C3
19712791;8430615075063;MOS ORION 30X30 BLANCO C3 ARTENS
81933512;8432711201315;MOSAICO 30 X 29 HEXA NEGRO C3
85257949;8436550784992;MALLA DOVER WHITE 5X5 ANTISLIP 30.6X30-6
85257951;8436550785012;MALLA DOVER BEIGE 5X5 ANTISLIP 30.6X30.6
85257952;8436550785036;MALLA DOVER BLACK 5X5 ANTISLIP 30.6X30.6
86216361;8432711211192;MALLA PENNY CALACATTA GOLD C3
86746324;8436600973390;MALLA ATRIO BLANCO 5X5 ANTI-SLIP 30X30
82359408;8436550783230;MOS ELEMENTS 30X30 GREY
82359424;8436550784855;MOS JEWEL 26X29,7 WHITE
82359430;8436550785265;MOSAICO 30X30 HYDRA BEIGE
82359432;8436550785166;MOS TECH ATLANTIS 30,2X29,4 TEAL
82359435;8436550783209;MOSAICO 27,5X30 EXCLUSIVE REFLECTIONS
82359441;8436550783254;MOS KAOS 30X30 SILVER
82359452;8436550783193;MOSAICO 30X30 ELEGANCE LUXURY SILVER
85257526;8436550785555;MALLA MYKONOS EMERALD 31.2X27
19191060;8432711172684;MALLA STONE 31,1X31,1 MIX BEIGE BROWN
19301415;8432711172745;MALLA 31X46,5 MIX MOKA BRILLO PUNTO PVC
19712714;8430615074998;MOS HERITAGE 30X30 MIX C1 ARTENS
19712756;8430615075049;MOS TRIBECA 30X30 MIX C1 ARTENS
19712805;8430615075681;MOS ORION 30X30 BLANCO C1 ARTENS
19910996;8429991271107;MALLA MARTINS 30X30 MIX-GRIS ARTENS
82359388;8436550784916;MOS TECH FLAME 28X24,6 WHITE
82359396;8436550785074;MOS TECH YORK 26,5X30,9 WHITE
82359398;8436550784923;MOS TECH CHEVRON 28,3X27,7 WHITE
14049875;8424019617257;MALLA PIEDRA NATURAL 30X30 WHITE - 10X10
14049882;8424019617264;MALLA PIEDRA NATURAL 30X30 GREY
14049896;8424019617271;MALLA PIEDRA NATURAL 30X30 WHITE - 5X5
14049952;8424019617295;MALLA PIEDRA NATURAL 30X30 PEBLES-WHITE
14049973;8424019617318;MALLA PIEDRA NATURAL 30X30 PEBLES BROWN
14050022;8424019617363;MALLA PIEDRA NATURAL 30X30 CONNECT-PINK
14050036;8424019617370;MALLA 30X30 CONNECTING WHITE
15222242;8437010942723;MALLA 30X30 PARQUET 3X3 WHITE
15487276;8437010942907;MALLA 30X30 MOSAIC COIN BLANCO
16658124;8437009583487;MALLA 30X30 BRICK BLANCO
16700572;8437009583418;MALLA PIEDRA NATURAL 30X30 GRIS CLARO
16700586;8437009583432;MALLA PIEDRA NAT 30X30 MIX WHITE-PINK
17909892;8436544791241;MALLA PIEDRA NAT 30X30 CONNEC-CAPPUCINNO
81876528;8433786026971;PACK4 ROD BARRO 8X33,3 TERRA ARTENS R02
81876529;8433786026988;PACK4 ROD BARRO 8X33.3 ROJO ARTENS R03
81876530;8433786026995;PACK4 ROD BARRO 8X33.3 COTTO ARTENS R04
82180610;8435293706629;PACK4 ROD BARRO 8X33,3 CUERO ARTENS R05
85827093;8435293708838;PACK4 ROD BARRO 8X33,3 GRIS ARTENS R01
85827078;8435293708678;PACK4 ROD CEMENTO 10X60 BLANCO ART R19
85827080;8435293708692;PACK4 ROD CEMENTO 10X60 ARENA ARTENS R21
85827081;8435293708708;PACK4 ROD CEMENTO 10X60 SILVER ART R22
85827082;8435293708715;PACK4 ROD CEMENTO 10X60 GREY ARTENS R23
85827084;8435293708739;PACK4 ROD STONE 10X60 BLANCO ARTENS R25
85827087;8435293708760;PACK4 ROD CEMENTO 8X45 SILVER ARTENS R22
85827089;8435293708791;PACK4 ROD CEMENTO 8X45 GRAFITO ART R24
85827090;8435293708807;PACK4 ROD PIEDRA 8X33,3 OXIDO ARTENS R09
85827091;8435293708814;PACK4 ROD PIEDRA 8X33,3 PIZARRA ART R10
85827092;8435293708821;PACK4 ROD PIEDRA 8X33,3 GRIS ARTENS R11
81876554;8433786027213;PACK4 ROD MADERA 10X60 MIEL ARTENS R32
84752112;8435293708418;PACK 4 ROD WOOD VRN 8X45 ROBLE ART R12
84752113;8435293708395;PACK 4 ROD WOOD VRN 8X45 GRIS ARTENS R14
85827074;8435293708630;PACK4 ROD MADERA 10X60 HAYA ARTENS R26
85827075;8435293708647;PACK4 ROD MADERA 10X60 SILVER ARTENS R27
81876534;8433786027015;PACK4 ROD MARM 8X45 CREM BR ARTENS R17
81876536;8433786027039;PACK4 ROD MARM 8X45 CALACATTA BR ART R16
81876546;8433786027138;PACK4 ROD MONOCOLOR 8X45 BL MAT ARTENS
81876547;8433786027145;PACK4 ROD 10X60 BLANCO-MATE ARTENS
19933536;8429991298685;ROD MARTINS 10X60 GRIS ARTENS
82460816;8433927011873;PACK 4 ROD 45X8 HARMONY GRANADA ARTENS
82958795;8429991569105;ROD. 9X120 EC. KALA GRIS
85257162;8429991615581;ROD. MANAGUA 9X120 HAYA ARTENS
85312826;8433927013549;PACK 4 ROD UNDERWOOD 8X60 BEIGE ARTENS
85312827;8433927013556;PACK 4 ROD UNDERWOOD 8X60 GRIS ARTENS
85312830;8433927015680;ROD HARMONY 9X120 ZARAGOZA ARTENS
81876531;8430615079412;PACK4 ROD HERIT 8X33,3 BARROMIX ART R07
81970191;8435293706506;PACK 2 ROD MARMI 10X60 WHITE
81904555;8435383414991;PEL FIOR 33X33 BARRO TERRA C1 ARTENS R02
81904556;8435383415004;PEL FIOR 33X33 BARRO PAJA C1 ARTENS R06
81904557;8435383415011;PEL FIOR 33X33 BARRO COTTO ARTENS R04
82213335;8435383419378;PEL FIORE 33X33 BARRO-CUERO C1 ART R05
81929811;8435383402219;TOR 301 5X36 TIERRA OSCURO
81929812;8435383400697;TOR 217 5X36 TIERRA R03
81929813;8435383401939;TOR 035 5X36 TIERRA CLARO R04
81929814;8435383402790;TOR 027 5X36 BEIGE R06
81929815;8435383401977;TOR 034 5X36 BEIGE CLARO R21
81929861;8424010737442;TOR 5X20 BLANCO BRILLO (5 PZS)
82314963;3276000719786;PERF ESC REC L2.5M 12MM ALU MAT SILVER
82314965;3276000719885;PERF ESC CURVO L2.5M 8MM ALU MAT SILVER
81929851;8424010737503;ESCUADRA 5X20 BLANCO BRILLO (5 PZS)
81929852;8424010737312;ESCUADRA STONE 5X20 OCRE (5 PZS)
81929853;8424010737527;ESCUADRA STONE 5X20 ARENA (5 PZS)
81929854;8424010737374;ESCUADRA STONE 5X20 BARRO (5 PZS)
81929855;8424010737343;ESCUADRA STONE 5X20 MARENGO (5 PZS)
82009093;3276000595212;PERF REC ALUM 10MM L2.5M PL-BR STANDERS
82009094;3276000595229;PER RECTO ALU PL BRILL 12MM L2.5M STAND.
82009096;3276000595243;PERF REC ALU 10MM L2.5M PL-MATE STANDERS
82009097;3276000595250;PER RECTO ALU PL MATE 12MM L2.5M STAND.
82009099;3276000595274;PERF REC ALU 10MM L2.5M BL-BR STANDERS
82009100;3276000595281;PER RECTO ALU BL BRILLO12MM L2.5M STAND.
82009105;3276000595335;PER CUAD ALU PL BRILLO 10MML2.5M STAND.
82009106;3276000594949;PER CUAD ALU PL BRILLO 12MM L2.5M STAND.
82009107;3276000594956;PER CUAD ALU PL MATE 10MM L2.5M STAND.
82009108;3276000594963;PER CUAD ALU PL MATE 12MM L2.5M STAND.
82009109;3276000594970;PERF CUAD ALU 10MM L2.5M PL-CEP STANDERS
82009111;3276000594994;PER CUAD ALU BL BRILL 10MML2.5M STAND.
82009112;3276000595007;PER CUAD ALU BL BRILL 12MML2.5M STAND.
82009115;3276000595038;PERF CUAD ALU 10MML2.5M ORO STANDERS
85538542;3276007564365;PERFIL CUAD ALUM 10MM L2.5M PLATA BR CEP
85538543;3276007564372;PERFIL CUAD ALUM 10MM L2.5M OPAL BR
85538544;3276007564389;PERFIL CUAD ALUM 10MM L2.5M CHAMP BR CEP
85538546;3276007564402;PERFIL CUAD ALUM 10MM L2.5M STONE BLANCO
85538547;3276007564419;PERFIL CUAD ALUM 10MM L2.5M STONE BEIGE
85538548;3276007564426;PERFIL CUAD ALUM 10MM L2.5M STONE SILVER
85538549;3276007564433;PERFIL CUAD ALUM 10MM L2.5M STONEGRIS
85538550;3276007564440;PERFIL CUAD ALUM 10MM L2.5M STONE MARFIL
85538551;3276007564457;PERFIL CUAD ALUM 10MM L2.5M STONE MARRON
85538552;3276007564464;PERF CUAD ALUM 10MM L2.5M TITAN BR CEP
85538553;3276007564471;PERF CUAD ALUM 10MM L2.5M NEGRO BR
85538554;3276007564488;PERF CUAD ALUM 10MM L2.5M NEGRO BR CEP
82009034;3276000594628;PERF CURV PVC 10MM L2.5M NEGRO STANDERS
82009040;3276000594680;PER CURV PVC GRIS 10MM L2.5M STAND.
82009043;3276000594710;PER CURV PVC BEIGE 10MM L2.5M STAND.
82009122;3276000595106;PERF INT CURV 10MM L2.5M PVC-BL STANDERS
82114240;5907684640131;PERFIL CURVO BASIC PVC 10MM L2.5M BLANCO
82114241;5907684623059;PERFIL CURVO BASIC PVC 10MM L2.5M PERLA
82114242;5907684623011;PERFIL CURVO BASIC PVC 10MM L2.5M MARFIL
81930038;8430089021351;LISTELO MAXI 12X2500 ARENA-78
81930039;8430089022716;LISTELO MAXI 12X2500 GRAFITO-86
81930045;8430089021313;LISTELO MAXI 12X2500 PIEDRA-82
81930057;8430089040789;LISTELO MAXI SAHARA 12X2500 CENIZA-127
82009101;3276000595298;PER RECTO 10MM L2.5M INOX-BRIL STANDERS
82009102;3276000595304;PER RECTO INOX BRILLO 12MM L2.5M STAND.
82009104;3276000595328;PER RECTO INOX CEPI 12MM L2.5M STAND.
82009118;3276000595069;PER CUAD INOX BRILLO 12MML2.5M STAND.
81930018;8430089026677;PER N-SUELO MAXI 12X2500 ARENA
81930019;8430089025250;PER N-SUELO MAXI 12X2500 GRAFITO
81930025;8430089025243;PER N-SUELO MAXI 12X2500 PIEDRA
82487999;8435383418623;PELD FIOR 33X33 VELEZ-GRIS C3 ART R01
86665348;8435383426468;PEL FIOR 33X33 OXIDO C3 ARTENS R09
81929801;8435300968583;CENEFA PAV 15X33,3 C-3307 PACK (3 PZAS)
81929802;8435300968569;CENEFA PAV 15X33,3 CD-1155 PACK (3 PZAS)
81929803;8435300945744;CENEFA PAV 15X33,3 CD-1157 PACK (3 PZAS)
81929804;8435300945737;CENEFA PAV 15X33,3 CD-1158 PACK (3 PZAS)
81929805;8435300968576;TACO PAV 15X15 CD-1255 PACK (4 PZAS)
81929834;8435300953862;CENEFA 6,5X25 SF 6790 (4 PZAS)
81929838;8435300960174;CENEFA 6,5X25 SF 6797 (4 PZAS)
81929840;8435300968644;CENEFA 6,5X25 SF 6822 (4 PZAS)
81929844;8435300960167;CENEFA 7X30 RECT. 7324 (3 PZAS)
81929845;8435300968705;CENEFA 7X30 RECT. 7355 (3 PZAS)
86648987;8435300998788;TABICA PAV 15X33,3 VELEZALBERO (3 PZ)R04
86648988;8435300998795;TABICA PAV 15X33,3 VELEZ CUERO (3 PZ)R05
86648989;8435300998801;TABICA 15X33,3 VELEZ GREY (3 PZAS) R01
86648990;8435300998818;TACO PAV 15X15 VELEZ CUERO (4 PZS) R05
86648991;8435300998832;TACO PAV 15X15 VELEZ ALBERO (4 PZS) R04
86648992;8435300998849;TACO PAV 15X15 VELEZ GREY (4 PZS) R01
19190850;8430615065767;DEC HERITAGE 16,5X16,5 TACO MIX C1
81929823;8435300952582;DECORADO 20X20 CUBIK AZUL (4 PZAS)
81929849;8424010737275;PACK ESCOCIA 5X20 BL-BRILLO (5 PZS)
81929856;8424010737411;BORDON ESCOCIA 2,5X20 BL-BRILLO (5 PZS)
81929857;8424010737367;LISTELO STONE 2,5X33,3 OCRE (3 PZS)
81929858;8424010737329;LISTELO STONE 2,5X33,3 ARENA (3PZS)
81929859;8424010737428;LISTELO STONE 2,5X33,3 BARRO (3PZS)
81929860;8424010737466;LISTELO STONE 2,5X33,3 MARENGO (3PZ)
81929862;8424010737473;MOLDURA STONE 5X33,3 OCRE (3 PZS)
81929863;8424010737459;MOLDURA STONE 5X33,3 ARENA (3 PZS)
81929864;8424010737480;MOLDURA STONE 5X33,3 BARRO (3 PZS)
81929865;8424010737510;MOLDURA STONE 5X33,3 MARENGO (3PZS)
81930076;8424010737268;PACK 4 VIERTEAGUAS 14X28 L28 BL-BRILLO
81930077;8424010737350;PACK 4 VIERTEAGUAS 14X28 L14 BL-BRILLO
81930078;8424010737282;PACK 4 VIERTEAGUAS STONE 14X28 L28 OCRE
81930079;8424010737398;PACK 4 VIERTEAGUAS STONE 14X28 L14 OCRE
81930080;8424010737305;PACK 4 VIERTEAGUAS STONE 14X28 L28 ARENA
81930081;8424010737404;PACK 4 VIERTEAGUAS STONE 14X28 L14 ARENA
81930082;8424010737336;PACK 4 VIERTEAGUAS STONE 14X28 L28 BARRO
81930083;8424010737435;PACK 4 VIERTEAGUAS STONE 14X28 L14 BARRO
81930084;8424010737497;PACK 4 VIERTEAGUAS STONE 14X28 L28 MAREN
81930085;8424010737381;PACK 4 VIERTEAGUAS STONE 14X28 L14 MAREN
