96187538;3276007981285;PTA 2144X150 CHESTER MADERA
96186806;3276007980493;PTA 2144X150 CHESTER LINO
96187504;3276007980943;PTA 768X150 CHESTER MADERA
96186803;3276007980462;PTA 768X150 CHESTER LINO
96187537;3276007981278;PTA 1024x300 CHESTER MADERA
96186808;3276007980516;PTA 1024x300 CHESTER LINO
96187520;3276007981100;PTA 768X300 CHESTER MADERA
96186780;3276007980233;PTA 768X300 CHESTER LINO
96187522;3276007981124;PTA ANG BJ 768X367 CHESTER MADERA
96186792;3276007980356;PTA ANG BJ 768X367 CHESTER LINO
96187499;3276007980899;PTA 1024x400 CHESTER MADERA
96186782;3276007980257;PTA 1024x400 CHESTER LINO
96187515;3276007981056;PTA 640X400 CHESTER MADERA
96186797;3276007980400;PTA 640X400 CHESTER LINO
96187521;3276007981117;PTA 768X400 CHESTER MADERA
96186815;3276007980585;PTA 768X400 CHESTER LINO
96187532;3276007981223;PTA 1024x450 CHESTER MADERA
96186821;3276007980646;PTA 1024x450 CHESTER LINO
96187495;3276007980851;PTA 1376X450 CHESTER MADERA
96186793;3276007980363;PTA 1376X450 CHESTER LINO
96187506;3276007980967;PTA 640X450 CHESTER MADERA
96186805;3276007980486;PTA 640X450 CHESTER LINO
96187493;3276007980837;PTA 768X450 CHESTER MADERA
96186812;3276007980554;PTA 768X450 CHESTER LINO
96187502;3276007980929;PTA 1024x600 CHESTER MADERA
96186818;3276007980615;PTA 1024x600 CHESTER LINO
96187512;3276007981025;PTA 1376X600 CHESTER MADERA
96186816;3276007980592;PTA 1376X600 CHESTER LINO
96187523;3276007981131;PTA 512X600 CHESTER MADERA
96186776;3276007980196;PTA 512X600 CHESTER LINO
96187536;3276007981261;PTA 640X600 CHESTER MADERA
96186823;3276007980660;PTA 640X600 CHESTER LINO
96187542;3276007981322;PTA 768X600 CHESTER MADERA
96186833;3276007980769;PTA 768X600 CHESTER LINO
96187543;3276007981339;REG AN.768-90X90 CHESTER MADERA
96186827;3276007980707;REG AN.768-90X90 CHESTER LINO
96187531;3276007981216;PTA ANG AL 1024X297 CHESTER MADERA
96186787;3276007980301;PTA ANG AL 1024X297 CHESTER LINO
96187501;3276007980912;PTA ANG AL 768X297 CHESTER MADERA
96186794;3276007980370;PTA ANG AL 768X297 CHESTER LINO
96187507;3276007980974;FTE CAJ 128x1200 CHESTER MADERA
96186824;3276007980677;FTE CAJ 128x1200 CHESTER LINO
96187498;3276007980882;FTE CAJ 256x1200 CHESTER MADERA
96186790;3276007980332;FTE CAJ 256x1200 CHESTER LINO
96187535;3276007981254;FTE CAJ 384x1200 CHESTER MADERA
96186795;3276007980387;FTE CAJ 384x1200 CHESTER LINO
96187518;3276007981087;FTE CAJ 128X400 CHESTER MADERA
96186789;3276007980325;FTE CAJ 128X400 CHESTER LINO
96187534;3276007981247;FTE CAJ 256x400 CHESTER MADERA
96186802;3276007980455;FTE CAJ 256x400 CHESTER LINO
96187524;3276007981148;FTE CAJ 384x400 CHESTER MADERA
96186809;3276007980523;FTE CAJ 384x400 CHESTER LINO
96187492;3276007980820;FTE CAJ 128x450 CHESTER MADERA
96186777;3276007980202;FTE CAJ 128x450 CHESTER LINO
96187494;3276007980844;FTE CAJ 128x600 CHESTER MADERA
96186814;3276007980578;FTE CAJ 128x600 CHESTER LINO
96187497;3276007980875;FTE CAJ 128x800 CHESTER MADERA
96186811;3276007980547;FTE CAJ 128x800 CHESTER LINO
96187528;3276007981186;FTE CAJ 256x800 CHESTER MADERA
96186788;3276007980318;FTE CAJ 256x800 CHESTER LINO
96187529;3276007981193;FTE CAJ 128x900 CHESTER MADERA
96186807;3276007980509;FTE CAJ 128x900 CHESTER LINO
96187500;3276007980905;FTE CAJ 256x900 CHESTER MADERA
96186798;3276007980417;FTE CAJ 256x900 CHESTER LINO
96187511;3276007981018;REG HOR/LW 165x600 CHESTER MADERA
96186781;3276007980240;REG HOR/LW 165x600 CHESTER LINO
96187513;3276007981032;FTE CAJ 768x450 CHESTER MADERA
96186819;3276007980622;FTE CAJ 768x450 CHESTER LINO
96187527;3276007981179;FTE CAJ 768x600 CHESTER MADERA
96186820;3276007980639;FTE CAJ 768x600 CHESTER LINO
96187525;3276007981155;FTE CAJ/HRZ 256x450 CHESTER MADERA
96186783;3276007980264;FTE CAJ/HRZ 256x450 CHESTER LINO
96187505;3276007980950;FTE CAJ/HRZ 384x450 CHESTER MADERA
96186804;3276007980479;FTE CAJ/HRZ 384x450 CHESTER LINO
96187526;3276007981162;FTE CAJ/HRZ 256x600 CHESTER MADERA
96186801;3276007980448;FTE CAJ/HRZ 256x600 CHESTER LINO
96187514;3276007981049;FTE CAJ/HRZ 384x600 CHESTER MADERA
96186796;3276007980394;FTE CAJ/HRZ 384x600 CHESTER LINO
96187509;3276007980998;FTE CAJ/HRZ 384x800 CHESTER MADERA
96186784;3276007980271;FTE CAJ/HRZ 384x800 CHESTER LINO
96187533;3276007981230;FTE CAJ/HRZ 384x900 CHESTER MADERA
96186817;3276007980608;FTE CAJ/HRZ 384x900 CHESTER LINO
96187510;3276007981001;KIT PTA LW 768X450 CHESTER MADERA
96186785;3276007980288;KIT PTA LW 768X450 CHESTER LINO
96187491;3276007980813;KIT PTA LW 768X600 CHESTER MADERA
96186791;3276007980349;KIT PTA LW 768X600 CHESTER LINO
96187530;3276007981209;PTA HRZ 480X600 CHESTER MADERA
96186800;3276007980431;PTA HRZ 480X600 CHESTER LINO
96187540;3276007981308;COSTADO 768x1836 CHESTER MADERA
96186830;3276007980738;COSTADO 768x1836 CHESTER LINO
96187541;3276007981315;COSTADO 1024X370 CHESTER MADERA
96186836;3276007980790;COSTADO 1024X370 CHESTER LINO
96187547;3276007981377;COSTADO 2400X370 CHESTER MADERA
96187546;3276007981360;COSTADO 768x370 CHESTER MADERA
96186837;3276007980806;COSTADO 768x370 CHESTER LINO
96187496;3276007980868;COSTADO 1376X600 CHESTER MADERA
96186778;3276007980219;COSTADO 1376X600 CHESTER LINO
96187550;3276007981407;COSTADO 2144X600 CHESTER MADERA
96186834;3276007980776;COSTADO 2144X600 CHESTER LINO
96441019;3276007986556;COSTADO 2364X600 CHESTER MADERA
96441018;3276007986549;COSTADO 2364X600 CHESTER LINO
96187549;3276007981391;COSTADO 768x600 CHESTER MADERA
96186829;3276007980721;COSTADO 768x600 CHESTER LINO
96187548;3276007981384;COSTADO 860x600 CHESTER MADERA
96186828;3276007980714;COSTADO 860x600 CHESTER LINO
96187551;3276007990935;ZOCALO 240X10 CHESTER MADERA
96186822;3276007990904;ZOCALO 240X10 CHESTER LINO
96187552;3276007990911;ZOCALO 240X15 CHESTER MADERA
96186825;3276007990942;ZOCALO 240X15 CHESTER LINO
96187841;3276007981438;FTE CAJ 128x800 MONTREAL GR
96187843;3276007981452;PTA 1024x600 MONTREAL GR
96187844;3276007981469;FTE CAJ/HRZ 384x800 MONTREAL GR
96187845;3276007981476;FTE CAJ 384x400 MONTREAL GR
96187846;3276007981483;FTE CAJ 128x900 MONTREAL GR
96187847;3276007981490;FTE CAJ/HRZ 384x900 MONTREAL GR
96187848;3276007981506;FTE CAJ 128x600 MONTREAL GR
96187849;3276007981513;KIT PTA LW 768X450 MONTREAL GR
96187850;3276007981520;FTE CAJ 128x450 MONTREAL GR
96187851;3276007981537;PTA 512X600 MONTREAL GR
96187852;3276007981544;FTE CAJ/HRZ 384x600 MONTREAL GR
96187853;3276007981551;FTE CAJ 128X400 MONTREAL GR
96187855;3276007981575;FTE CAJ 256x1200 MONTREAL GR
96187856;3276007981582;FTE CAJ 256x900 MONTREAL GR
96187857;3276007981599;PTA 768X400 MONTREAL GR
96187859;3276007981612;PTA 640X400 MONTREAL GR
96187860;3276007981629;PTA 1376X450 MONTREAL GR
96187861;3276007981636;PTA ANG AL 768X297 MONTREAL GR
96187862;3276007981643;PTA ANG AL 1024X297 MONTREAL GR
96187863;3276007981650;FTE CAJ 256x400 MONTREAL GR
96187864;3276007981667;FTE CAJ 768x600 MONTREAL GR
96187865;3276007981674;PTA 640X600 MONTREAL GR
96187866;3276007981681;REG AN.768-90X90 MONTREAL GR
96187867;3276007981698;PTA 640X450 MONTREAL GR
96187868;3276007981704;PTA 1024x450 MONTREAL GR
96187869;3276007981711;FTE CAJ 128x1200 MONTREAL GR
96187870;3276007981728;FTE CAJ/HRZ 256x600 MONTREAL GR
96187871;3276007981735;FTE CAJ/HRZ 384x450 MONTREAL GR
96187872;3276007981742;KIT PTA LW 768X600 MONTREAL GR
96187873;3276007981759;PTA 1376X600 MONTREAL GR
96187874;3276007981766;FTE CAJ 384x1200 MONTREAL GR
96187875;3276007981773;PTA 768X600 MONTREAL GR
96187876;3276007981780;FTE CAJ/HRZ 256x450 MONTREAL GR
96187877;3276007981797;FTE CAJ 768x450 MONTREAL GR
96187878;3276007981803;PTA ANG BJ 768X367 MONTREAL GR
96187881;3276007981834;PTA HRZ 480X600 MONTREAL GR
96187882;3276007981841;PTA 768X300 MONTREAL GR
96187883;3276007981858;PTA 1376X150 MONTREAL GR
96187884;3276007981865;FTE CAJ 256x800 MONTREAL GR
96187885;3276007981872;PTA 1024x400 MONTREAL GR
96187886;3276007981889;PTA 768X150 MONTREAL GR
96187887;3276007981896;REG HOR/LW 165x600 MONTREAL GR
96187888;3276007981902;PTA 1024x300 MONTREAL GR
96187889;3276007981919;PTA 768X450 MONTREAL GR
96187892;3276007981940;COSTADO 1024X370 MONTREAL GR
96187893;3276007981957;COSTADO 768x370 MONTREAL GR
96187894;3276007981964;COSTADO 768x600 MONTREAL GR
96187895;3276007981971;COSTADO 768x1836 MONTREAL GR
96187896;3276007981988;COSTADO 1376X600 MONTREAL GR
96187899;3276007982015;COSTADO 860x600 MONTREAL GR
96187900;3276007982022;COSTADO 2144X600 MONTREAL GR
96587810;3276007989786;COSTADO 2364X600 MONTREAL
96187901;3276007990959;ZOCALO 240X10 MONTREAL GR
96187902;3276007990928;ZOCALO 240X15 MONTREAL GR
96848308;3276007993523;ESTANTERIA ROBLE 5 BALDAS 2150X300 F37
96848306;3276007993509;ESTANTERIA ROBLE 2 BALDAS 768X300 F37
96848310;3276007993547;ESTANTERIA ROBLE 256X600 F37
96848304;3276007993486;ESTANTERIA ROBLE 384X600 F37
96848303;3276007993479;ESTANTERIA ROBLE 512X600 F37
96848307;3276007993516;ESTANTERIA ROBLE 2 BALDAS 768X600 F37
96848305;3276007993493;ESTANTERIA ROBLE 3 BALDAS 1024X600 F37
96848309;3276007993530;ESTANTERIA ROBLE 2 BALDAS 768X600 F15
95491396;3276007962178;ESTANTE ENCIMERA ELEKI BLANCO
95491394;3276007962185;ESTANTE SLIM ENCIMERA ELEKI BLANCO
95491375;3276007962031;DISPENSADOR DE JABÓN ELEKI
95491392;3276007962055;ESCURRECUBIERTOS ELEKI
95491386;3276007961980;ESCURRIDOR FREGADERO EXTENS ELEKI
95491385;3276007962017;CAJA ALMACENAMIENTO DE ALIMENTOS FRESCOS
95491379;3276007962062;ESCURRIDOR BANDEJA NG PP + REJILLA INOX
95491395;3276007962154;PORTAUTENSILIOS CON ASA 4 COMPARTIMENTOS
95491397;3276007962147;ORGANIZADOR ROLLOS CAJON GRIS PARIS PP
95491391;3276007962123;GANCHO PORTAESTROPAJO CASUAL NEGRO
95491390;3276007962130;GANCHO PORTAESTROPAJO VENTOSA INOX
82631521;3276007133745;ESCURRIDOR CON BANDEJA NEGRO
85285566;3276007548976;ESCURREPLATOS METAL+ BANDEJA NEG DELINIA
91477517;3276007819052;ESCURRIDOR CON BANDEJA NEGRO/INOX
35178045;3276004887115;15L*3 PEDAL BIN, 60.5X34X48.5HCM
95573758;3276007964936;MONOM C/ALTO EXTRA DELINIA CASUAL CR 
95573753;3276007964943;MONOM C/ALTO EXTRA DELINIA CASUAL NG
95573763;3276007964950;MONOM C/ALTO EXTRA DELINIA CASUAL NIQUEL CEP
95573756;3276007964967;MONOM C/ALTO EXTRA DELINIA CASUAl TITANIO
95573752;3276007965001;MONOM C/ALTO EXTRA DELINIA STRIATO CR
95573765;3276007965018;MONOM C/ALTO EXTRA DELINIA STRIATO NIQUEL
95573764;3276007965063;MONOM C/ALTO DELINIA START  SENSOR CR
95573761;3276007965056;MONOM C/ALTO DELINIA FILTRAO OSMOSIS CR
95015077;3276007951752;MONOM C/ALTO DELINIA LILY CR
95015076;3276007951745;MONOM C/ALTO DELINIA LILY NG
95015078;3276007951769;MONOM C/ALTO DELINIA LILY NIQUEL
98127692;8414194296828;CAÑO GIRATORIO
98127694;8414194296842;GRIFO PEDAL ROUSSEAU 2 AGUAS CR
98127693;8414194296835;GRIFO PEDAL ROUSSEAU 1  AGUA CR
81882150;8414194290659;MONOM PARED HZTAL ROUSSEAU MAMBO NG
98127686;8414194296767;BIMANDO PARD HZTAL ROUSSEAU RETRODECO CR
98127687;8414194296774;BIMANDO PARD C/ALT ROUSSEAU FLEXIB CR/NG
98127688;8414194296781;MONOM PARED C/ALTO IMAN CR/NG
98127689;8414194296798;BIMANDO PARED HZTAL RETRO TRIANO CR 150
98127690;8414194296811;BIMANDO PARED HZTAL RETRO TRIANO CR 111
97534130;8414194290635;BIMANDO PARED HZTAL RETRO TRIANO BR 150
98127691;8414194296804;BIMANDO PARED HZTAL RETRO TRIANO BR 111
97340601;8414194296743;MONOM PARED HZTAL AMERICANO CR
97340603;8414194296750;MONOM PARED C/ALTO CHEF EXTRA 2F CR
99128048;8434778036480;MONOM C/ALTO EXTRA TEKA UNI 9912 NG
99128049;8434778036473;MONOM C/ALTO EXTRA TEKA UNI 9912 CR
99128050;8434778036695;MONOM C/ALTO OSMOSIS 3V UNI 3913 CR
95482852;8434778033854;MONOM C/ALTO UNI 9310 INOX
95482851;8434778033861;MONOM C/ALTO UNI 9310 NG
99128051;8434778037999;MONOM C/ALTO UNI 9330 NG
99128052;8434778037982;MONOM C/ALTO UNI 9330 CR
99128053;8434778036497;MONOM C/ALTO OSMOSIS 3V UNI 3330 CR
99128054;8434778036503;MONOM C/ALTO OSMOSIS 3V UNI 3330 NG
83348378;3661109020275;MONOM C/ALTO CHEF PLIMO CBR
83537755;3661109016278;MONOM C/ALTO ESSEBAGNO PURE II NG
82113539;3661109016148;MONOM C/ALTO EXTRA ESSEBAGNO FOGA NG
84533930;3701379507646;LOTE DE 2 TABURETES DE DISEÑO NEGRO LAM
98080214;8056214099110;ENC 304X63X3.8 MILOS MARMOL BLANCO
98080213;8056214099103;ENC 240X63X3.8 MILOS MARMOL BLANCO
88486996;3276007685923;ALTO 37X60 HAYA ELEKI
88486997;3276007685930;ESTANTE 60X15 HAYA ELEKI
88486998;3276007685947;ESTANTE 80X15 HAYA ELEKI
89721239;3276007758856;ENC ISLA 81X59X2.3 HAYA ELEKI.
89721240;3276007758863;CARRO 58X48 HAYA ELEKI.
89721241;3276007758870;ISLA 80X58 2 EST HAYA ELEKI.
96848313;3276007993561;ZOCALO 240X15 SEVILLA/TOKYO BL BR
98830494;8056214099547;ENC 304X63X3.8 MILOS MARMOL NEGRO
98830495;8056214099554;ENC 304X63X3.8 MILOS MADERA
98830496;8056214099561;ENC 315X65X3.8 MILOS MARBRE NOIR
98830497;8056214099578;ENC 315X65X3.8 MILOS RESINA 2 MOON
98830498;8056214099585;ENC 315X65X3.8 MILOS PIETRA ITALIA
98830499;8056214099592;ENC 315X65X3.8 MILOS VESUBIO NEGRO
98830500;8056214099608;ENC 315X65X3.8 MILOS MADERA C003
98830501;8056214099615;ENC 300X63X1.2 TOKIO MARMOL NG COMPACTO 
98830502;8056214099622;ENC 300X63X1.2 TOKIO CEMENTO COMPACTO 
98830503;8056214099639;ENC 300X63X1.2 TOKIO CALACATTA COMPACTO 
98830504;8056214099646;ENC 300X63X1.2 TOKIO KER COMPACTO 
99040190;8422248384667;CAMP TELES 60 CONTROLAIR TH600 DURALUM/A
99040191;8422248384612;CAMPANA T INV 90 CONTROLAIR BH 900/A IX
99040192;8422248384629;CAMPANA DEC PIRAM 60 CONTROLAIR PH60X IX
99040193;8422248384636;CAMPANA PIRAM 60 CONTROLAIR PHII600/A IX
99040194;8422248384643;CAMPANA PIRAM 90 CONTROLAIR PHII900/A IX
99040195;8422248384650;CAMPANA CONV 60 CONTROLAIR SH 600 X/B IX
91786716;8020283034655;CAMPANA PIRAM 60 CERTOSA AN/A/PB NG
96923524;8422248384605;PLACA IND3 CATA ILM 3080 BK E2
94031529;3661109026970;MONOM C/ALTO ESSEBAGNO KIWO CBR
88486991;3276007685916;ALTO 72X20 2 EST HAYA ELEKI
88487003;3276007685954;ALTO 58X60 1 EST HAYA ELEKI
